make,model,year,color,mileage,price,fuel_type,transmission,engine_size,top_speed
Volkswagen,Altima,2000,Blue,70647,89857,Gasoline,Automatic,3.5,142
Honda,A4,2016,Red,73728,56431,Hybrid,Automatic,5.5,80
Hyundai,Silverado,2017,Gray,56078,78610,Diesel,Manual,1.4,126
Nissan,Sonata,2019,Orange,90719,15194,Diesel,Manual,1.7,196
Audi,A4,2007,Yellow,188820,29490,Gasoline,Automatic,5.1,186
Nissan,Mustang,2015,Green,95217,70433,Hybrid,Manual,2.0,151
Nissan,3 Series,2020,Yellow,173403,59268,Hybrid,Automatic,1.5,179
Mercedes-Benz,Altima,2004,Blue,151583,62139,Diesel,Automatic,2.6,190
BMW,3 Series,2022,White,180310,28630,Diesel,Manual,2.6,198
BMW,E-Class,2015,Red,142972,53218,Electric,Manual,1.8,126
Toyota,Silverado,2006,Yellow,63716,86566,Gasoline,Manual,1.8,140
Honda,Camry,2010,White,111828,45200,Gasoline,Manual,6.0,91
BMW,Altima,2004,Blue,71027,85243,Electric,Manual,1.1,102
Mercedes-Benz,Silverado,2000,Black,157076,87441,Diesel,Automatic,1.5,151
Audi,Altima,2018,White,175526,73653,Hybrid,Manual,5.0,116
Chevrolet,Camry,2018,Orange,186234,51343,Electric,Manual,5.9,173
BMW,Camry,2000,Silver,153922,85500,Electric,Automatic,2.9,187
Audi,Golf,2000,White,8794,59290,Gasoline,Automatic,3.5,188
Mercedes-Benz,Mustang,2013,White,13888,88898,Hybrid,Automatic,1.4,116
BMW,Golf,2004,Gray,150705,23713,Gasoline,Automatic,3.8,134
Honda,E-Class,2010,Yellow,55640,16366,Gasoline,Automatic,2.0,157
Mercedes-Benz,Camry,2013,Black,131114,18084,Hybrid,Automatic,3.1,85
Hyundai,Civic,2018,Red,169654,24422,Electric,Manual,5.2,173
Honda,Golf,2008,White,32033,60227,Gasoline,Automatic,5.1,158
Chevrolet,Altima,2003,Gray,167690,6284,Electric,Manual,3.1,102
BMW,A4,2019,Gray,163533,42037,Gasoline,Manual,2.7,94
Toyota,Camry,2020,Green,192041,77958,Hybrid,Manual,2.9,146
Toyota,Camry,2016,Silver,162335,50581,Gasoline,Automatic,5.6,199
BMW,Golf,2001,Black,109440,19994,Diesel,Manual,4.4,105
Audi,3 Series,2013,Green,175221,69427,Electric,Manual,3.3,139
Audi,3 Series,2001,Gray,141666,21441,Diesel,Automatic,4.9,95
Mercedes-Benz,3 Series,2013,Gray,181337,44200,Hybrid,Manual,3.0,185
Mercedes-Benz,Civic,2019,Green,11215,42598,Gasoline,Manual,3.6,180
BMW,Altima,2001,Orange,133620,81865,Diesel,Manual,2.4,84
Nissan,Civic,2022,Gray,137045,21362,Diesel,Automatic,4.3,143
Volkswagen,3 Series,2005,Red,174990,36796,Diesel,Automatic,2.1,97
Volkswagen,Silverado,2008,Blue,53114,40106,Diesel,Manual,5.9,176
Volkswagen,Altima,2018,Black,114713,35757,Electric,Automatic,1.4,85
Mercedes-Benz,E-Class,2017,Green,194346,66026,Hybrid,Manual,4.2,138
BMW,Mustang,2007,Yellow,196141,36431,Gasoline,Automatic,3.9,100
Honda,Civic,2018,Yellow,11484,91883,Hybrid,Manual,3.3,195
Hyundai,A4,2004,Gray,165718,45000,Gasoline,Automatic,3.8,104
Audi,Sonata,2002,Silver,124185,14895,Diesel,Automatic,3.7,80
Mercedes-Benz,Sonata,2012,Black,23357,62308,Hybrid,Manual,3.1,161
Nissan,Civic,2017,Black,163352,37602,Gasoline,Manual,5.6,190
Chevrolet,A4,2007,Orange,72348,52483,Gasoline,Manual,3.8,195
Ford,E-Class,2018,Red,54710,60442,Electric,Manual,2.9,110
Volkswagen,Civic,2006,Gray,35016,75146,Gasoline,Manual,2.3,187
Honda,A4,2010,Gray,6442,74927,Diesel,Automatic,4.2,108
Volkswagen,Civic,2018,Orange,175916,96042,Diesel,Automatic,4.8,195
Honda,Golf,2013,Orange,100622,79301,Hybrid,Manual,5.5,87
Mercedes-Benz,Mustang,2006,Gray,72126,42314,Electric,Manual,1.9,153
Hyundai,A4,2006,Silver,149156,98768,Gasoline,Manual,1.9,157
Mercedes-Benz,E-Class,2002,Gray,186760,75698,Gasoline,Automatic,3.0,93
Toyota,Civic,2003,Purple,52805,7729,Diesel,Automatic,1.1,174
Chevrolet,Silverado,2019,White,6505,46279,Diesel,Manual,4.5,91
Chevrolet,3 Series,2002,Orange,127164,56193,Diesel,Manual,4.7,184
Volkswagen,Mustang,2001,Green,155934,92483,Gasoline,Manual,1.6,100
BMW,Camry,2007,Gray,22303,28557,Electric,Automatic,4.8,175
BMW,Altima,2007,Blue,195815,65335,Gasoline,Automatic,2.3,132
BMW,Sonata,2016,White,150850,52502,Diesel,Automatic,2.9,120
Nissan,A4,2019,Blue,68925,80383,Diesel,Automatic,4.7,178
Toyota,Sonata,2009,Gray,87432,96120,Hybrid,Manual,4.5,168
Mercedes-Benz,Altima,2006,Blue,180971,20440,Electric,Automatic,5.0,120
Chevrolet,Camry,2001,Red,174664,17777,Electric,Automatic,1.9,191
BMW,A4,2016,White,73195,32119,Diesel,Automatic,4.8,198
Mercedes-Benz,Mustang,2012,Purple,161611,9489,Hybrid,Manual,2.7,102
Chevrolet,A4,2016,Gray,154261,5440,Diesel,Automatic,1.8,92
Mercedes-Benz,Silverado,2014,Black,73949,85557,Hybrid,Manual,1.1,174
Chevrolet,Mustang,2021,White,160212,36965,Hybrid,Manual,3.1,108
Chevrolet,Altima,2022,Gray,182229,32112,Gasoline,Automatic,2.0,189
Ford,Sonata,2005,White,158049,17777,Hybrid,Manual,3.5,181
Audi,E-Class,2007,Orange,155955,87666,Gasoline,Automatic,4.5,117
Hyundai,Camry,2000,Black,88136,42835,Gasoline,Automatic,1.2,95
Mercedes-Benz,A4,2006,Black,119406,16200,Diesel,Automatic,2.4,82
Audi,Camry,2012,Black,58824,5633,Hybrid,Automatic,5.8,145
Mercedes-Benz,Camry,2019,Blue,25830,7840,Hybrid,Automatic,1.4,133
Volkswagen,E-Class,2004,Green,166976,26481,Diesel,Manual,1.5,156
BMW,Golf,2014,Black,157881,22377,Gasoline,Manual,2.4,181
Hyundai,Sonata,2006,Gray,170424,24527,Diesel,Manual,5.3,193
Ford,Sonata,2011,Orange,59604,96636,Electric,Manual,4.6,200
Toyota,Civic,2008,Black,128039,70495,Diesel,Manual,1.9,121
Toyota,Camry,2013,Blue,39684,38231,Diesel,Automatic,5.4,175
Chevrolet,A4,2022,Yellow,178362,6743,Hybrid,Automatic,3.2,118
Audi,Golf,2015,Red,95577,24433,Electric,Automatic,2.7,101
Chevrolet,E-Class,2019,Silver,43518,18491,Gasoline,Manual,6.0,110
BMW,E-Class,2003,White,1977,5328,Electric,Manual,3.1,126
Toyota,Sonata,2020,White,112183,74934,Hybrid,Manual,3.0,123
Volkswagen,Civic,2006,Blue,180935,16612,Gasoline,Automatic,3.7,149
Toyota,Mustang,2005,Green,189954,69292,Hybrid,Automatic,3.4,168
BMW,3 Series,2006,Red,101926,74391,Electric,Automatic,5.9,121
Hyundai,Silverado,2012,Green,30211,18090,Gasoline,Manual,1.9,179
Toyota,Civic,2000,Yellow,108911,52477,Diesel,Manual,3.1,89
Chevrolet,Altima,2021,Purple,132062,83230,Hybrid,Manual,1.7,109
Toyota,E-Class,2020,White,61153,35464,Gasoline,Manual,5.3,193
Audi,3 Series,2019,Black,141123,50763,Diesel,Automatic,4.4,180
Honda,Sonata,2005,White,193340,93543,Gasoline,Manual,3.4,155
Nissan,Golf,2015,Purple,56880,63899,Gasoline,Manual,1.4,151
Chevrolet,Civic,2014,Blue,185143,77128,Diesel,Automatic,1.9,138
Nissan,Camry,2013,Orange,128793,14059,Electric,Manual,4.0,179
Toyota,Altima,2017,Yellow,103658,62248,Diesel,Automatic,4.0,160
Nissan,Camry,2010,Red,31931,96449,Hybrid,Automatic,1.1,102
BMW,E-Class,2021,Red,193697,24527,Hybrid,Automatic,1.8,82
Mercedes-Benz,Silverado,2000,Orange,120516,51337,Hybrid,Automatic,1.0,131
Nissan,Camry,2015,Green,95099,54755,Gasoline,Automatic,2.5,140
BMW,3 Series,2002,Orange,111917,7976,Gasoline,Manual,1.3,175
Hyundai,Mustang,2014,Purple,121181,61718,Hybrid,Automatic,5.2,97
Hyundai,Mustang,2003,Gray,84750,31109,Gasoline,Manual,5.7,117
Nissan,3 Series,2022,Yellow,81569,81214,Gasoline,Automatic,3.5,140
Hyundai,Mustang,2021,Purple,143321,45424,Hybrid,Automatic,5.4,141
Nissan,Sonata,2015,Black,72119,74015,Diesel,Automatic,1.9,152
Audi,E-Class,2000,Gray,36601,52065,Diesel,Manual,5.8,166
Honda,Sonata,2020,White,49183,12555,Gasoline,Manual,4.5,165
Hyundai,Golf,2022,Purple,195174,8729,Diesel,Manual,4.8,95
Chevrolet,Camry,2014,Green,138720,32661,Electric,Automatic,3.8,80
Honda,Golf,2004,Yellow,18663,11193,Gasoline,Automatic,5.3,158
Volkswagen,Sonata,2019,Green,84826,27120,Electric,Automatic,5.6,188
BMW,E-Class,2003,Blue,61220,20132,Diesel,Automatic,2.2,183
Hyundai,A4,2016,Green,95845,19028,Electric,Manual,2.8,197
Hyundai,Silverado,2022,Yellow,151812,11333,Hybrid,Automatic,4.8,119
Honda,Silverado,2016,Silver,37048,77462,Electric,Manual,5.3,173
Nissan,Sonata,2013,Red,158802,36081,Gasoline,Automatic,5.9,162
Volkswagen,Camry,2021,Gray,12437,38192,Gasoline,Automatic,2.8,163
Audi,Golf,2007,Red,72706,45439,Electric,Manual,4.0,143
BMW,Golf,2016,White,7038,78973,Electric,Automatic,3.4,94
Nissan,Camry,2013,Black,127701,94883,Diesel,Manual,4.1,138
Toyota,A4,2006,Black,134317,26991,Diesel,Manual,5.4,116
Volkswagen,Altima,2018,Purple,164756,80178,Diesel,Automatic,3.7,112
BMW,Mustang,2010,White,145452,51647,Gasoline,Manual,2.3,148
Ford,Civic,2010,Orange,51816,59543,Hybrid,Automatic,3.0,114
Volkswagen,Civic,2014,White,127939,88505,Diesel,Manual,1.7,88
Nissan,3 Series,2007,Gray,54407,61717,Diesel,Manual,2.6,139
Nissan,A4,2005,White,167351,13192,Gasoline,Automatic,2.3,187
Chevrolet,Sonata,2012,Silver,40475,37580,Diesel,Manual,4.7,195
Audi,Civic,2022,Orange,152530,37380,Gasoline,Automatic,4.0,123
Chevrolet,Silverado,2012,Yellow,188801,31207,Electric,Automatic,1.1,136
Nissan,E-Class,2000,Orange,107727,35276,Diesel,Automatic,3.4,122
Volkswagen,3 Series,2005,Orange,180570,24328,Diesel,Automatic,2.5,196
Mercedes-Benz,A4,2013,Silver,80613,23476,Hybrid,Automatic,1.5,194
Toyota,Golf,2006,Gray,18305,48010,Diesel,Automatic,1.6,124
Volkswagen,Mustang,2004,Blue,98139,52999,Gasoline,Automatic,1.4,111
Honda,E-Class,2015,White,181704,7787,Gasoline,Automatic,3.6,89
Toyota,3 Series,2004,Yellow,85964,84261,Diesel,Manual,6.0,174
Mercedes-Benz,Camry,2013,Orange,145887,11831,Hybrid,Manual,4.2,88
Mercedes-Benz,3 Series,2002,Silver,128618,71334,Diesel,Manual,2.6,105
Nissan,Mustang,2004,White,18216,36981,Diesel,Automatic,5.6,199
Honda,Sonata,2001,Orange,37596,83928,Hybrid,Manual,1.1,155
Audi,Silverado,2002,White,154,67771,Electric,Automatic,6.0,93
BMW,Golf,2004,Orange,11619,38644,Hybrid,Manual,2.7,140
Volkswagen,Camry,2019,Gray,81472,7196,Hybrid,Manual,2.5,172
Honda,Sonata,2019,Green,157025,42436,Diesel,Automatic,4.2,174
BMW,Mustang,2014,White,73162,34481,Gasoline,Manual,4.8,199
Nissan,Civic,2004,Orange,172823,71583,Diesel,Manual,5.7,176
Chevrolet,Altima,2010,Blue,163923,15132,Gasoline,Manual,5.6,112
Audi,3 Series,2013,White,84219,50820,Hybrid,Automatic,4.0,163
Hyundai,Civic,2011,Yellow,31139,38051,Hybrid,Automatic,2.0,184
Ford,E-Class,2003,Purple,2052,99830,Gasoline,Automatic,2.6,123
Audi,A4,2010,Black,8135,79893,Electric,Automatic,3.9,88
Audi,E-Class,2021,White,46088,17245,Electric,Manual,1.9,153
Volkswagen,Altima,2007,Orange,58910,89981,Gasoline,Manual,3.0,142
Ford,Camry,2000,Green,142084,51333,Gasoline,Manual,5.5,83
Volkswagen,Civic,2004,Yellow,149358,42819,Diesel,Manual,2.0,99
Ford,Civic,2008,Yellow,59294,38471,Hybrid,Manual,5.3,96
Nissan,A4,2022,White,12249,81317,Diesel,Manual,4.5,153
Nissan,Civic,2002,Black,119225,65264,Gasoline,Manual,5.7,114
Nissan,A4,2021,Silver,43714,18295,Gasoline,Manual,3.2,102
Audi,E-Class,2003,Silver,114515,65954,Gasoline,Automatic,4.3,184
Nissan,A4,2009,Gray,16026,9572,Diesel,Automatic,3.1,87
Nissan,Civic,2012,Green,121030,32847,Gasoline,Automatic,3.5,148
Nissan,Sonata,2021,Yellow,79551,14801,Hybrid,Manual,5.1,124
Volkswagen,Sonata,2004,Black,2127,63310,Gasoline,Manual,1.8,113
Mercedes-Benz,Sonata,2004,Black,165934,88829,Diesel,Automatic,5.9,187
Chevrolet,Golf,2016,Purple,10433,58396,Gasoline,Manual,5.0,145
Audi,Silverado,2012,Orange,41981,36956,Electric,Automatic,2.9,81
Hyundai,E-Class,2017,Green,27940,29594,Hybrid,Manual,4.5,110
Hyundai,Camry,2018,Red,70612,48327,Electric,Manual,2.8,146
Toyota,A4,2021,Red,129341,29443,Gasoline,Automatic,1.9,132
Nissan,Altima,2014,White,195026,18003,Gasoline,Automatic,4.1,95
Toyota,Silverado,2006,Blue,37122,97160,Hybrid,Automatic,4.5,172
Ford,Altima,2020,Gray,161116,44769,Hybrid,Automatic,3.0,145
Audi,Sonata,2015,Red,165868,89345,Diesel,Automatic,4.3,181
Volkswagen,A4,2017,Orange,2053,70200,Hybrid,Automatic,3.6,129
Toyota,A4,2011,Silver,47679,63657,Gasoline,Automatic,4.9,135
Nissan,Mustang,2003,Blue,30977,87252,Diesel,Manual,2.9,91
BMW,A4,2012,Black,156289,67899,Hybrid,Automatic,1.9,196
Hyundai,Altima,2009,White,93094,57548,Hybrid,Automatic,3.5,119
Nissan,Camry,2020,Orange,195410,47084,Gasoline,Manual,5.0,145
Volkswagen,A4,2015,Purple,40796,14562,Diesel,Automatic,5.6,183
Mercedes-Benz,Civic,2013,Silver,106038,50969,Gasoline,Manual,4.0,170
Toyota,Mustang,2016,Purple,113055,90259,Diesel,Automatic,1.1,112
Honda,Silverado,2007,Red,9975,57406,Hybrid,Automatic,4.8,133
Volkswagen,E-Class,2012,Silver,199675,24609,Hybrid,Automatic,4.9,144
Nissan,A4,2008,White,197586,95827,Electric,Manual,4.4,98
Chevrolet,Camry,2004,Green,110066,59989,Diesel,Manual,4.6,161
Toyota,Golf,2011,Gray,156069,66481,Diesel,Manual,5.6,159
Nissan,Camry,2006,Green,19628,72155,Hybrid,Automatic,3.5,84
Mercedes-Benz,E-Class,2003,Gray,52891,71072,Hybrid,Automatic,5.1,130
Nissan,Sonata,2013,Yellow,177764,38197,Diesel,Automatic,2.9,184
Toyota,Mustang,2015,Yellow,193996,89175,Diesel,Automatic,5.1,102
Audi,Altima,2010,Green,46025,91476,Electric,Automatic,3.2,137
Nissan,E-Class,2016,Gray,63129,32351,Hybrid,Automatic,4.6,195
Audi,3 Series,2010,Red,167744,38770,Hybrid,Manual,3.4,200
Mercedes-Benz,Silverado,2013,Purple,139106,76679,Electric,Manual,1.5,200
Toyota,Silverado,2015,White,130576,66819,Hybrid,Automatic,2.5,165
Volkswagen,Civic,2016,White,61251,85162,Gasoline,Automatic,1.7,180
Toyota,Mustang,2001,Gray,145276,16779,Gasoline,Manual,2.4,192
Toyota,A4,2012,Green,56,89689,Electric,Manual,3.5,141
Chevrolet,Mustang,2014,Gray,111183,90629,Electric,Automatic,3.9,191
Hyundai,Camry,2003,Gray,74720,75516,Diesel,Manual,1.5,155
BMW,Camry,2008,Silver,104718,27269,Diesel,Automatic,3.3,186
Mercedes-Benz,Sonata,2006,Green,63344,74179,Electric,Automatic,2.7,191
Honda,Silverado,2009,Blue,187898,28650,Diesel,Manual,1.8,160
BMW,Camry,2010,Green,170468,49602,Gasoline,Automatic,2.5,127
BMW,Civic,2016,White,79978,63077,Diesel,Manual,5.8,168
Volkswagen,Altima,2013,Black,84914,29752,Gasoline,Automatic,4.8,160
Toyota,3 Series,2007,Silver,152855,60248,Gasoline,Automatic,4.5,152
Volkswagen,Golf,2007,Black,41623,78436,Diesel,Manual,1.8,144
Chevrolet,Sonata,2003,Yellow,106085,22446,Diesel,Automatic,6.0,140
Audi,Civic,2022,Purple,114500,71230,Diesel,Manual,4.4,175
Audi,Sonata,2012,Silver,88385,51391,Diesel,Automatic,1.0,96
Nissan,Sonata,2021,White,186179,18317,Hybrid,Automatic,4.0,86
Mercedes-Benz,3 Series,2011,Blue,17463,18061,Diesel,Automatic,1.6,195
Mercedes-Benz,Civic,2018,Gray,42830,29783,Hybrid,Manual,3.7,80
Mercedes-Benz,3 Series,2010,White,193673,21807,Hybrid,Manual,3.6,136
Volkswagen,Golf,2015,Orange,46163,33067,Gasoline,Manual,3.0,162
Ford,Altima,2020,Blue,129279,62415,Diesel,Manual,4.4,178
Ford,Altima,2021,White,47575,15538,Diesel,Automatic,2.9,160
Hyundai,Civic,2007,Black,91489,76684,Diesel,Manual,3.9,146
Audi,Sonata,2015,Yellow,120164,91624,Hybrid,Manual,3.0,180
Toyota,Civic,2019,Gray,138068,46325,Diesel,Manual,1.5,101
BMW,Sonata,2012,Black,41492,18560,Gasoline,Automatic,3.2,159
Honda,Camry,2022,Orange,118907,8755,Hybrid,Manual,3.3,80
Nissan,Camry,2006,Purple,144941,90051,Electric,Automatic,3.4,134
Honda,Golf,2012,Yellow,55082,14196,Hybrid,Automatic,3.8,96
Audi,Civic,2005,Yellow,161854,64706,Gasoline,Automatic,4.2,180
Hyundai,A4,2003,Silver,52831,42886,Diesel,Automatic,1.4,101
Ford,A4,2011,Red,126420,22817,Diesel,Automatic,1.7,200
Hyundai,Silverado,2022,Red,88267,54842,Hybrid,Manual,5.7,126
Ford,Camry,2011,Gray,175120,69565,Diesel,Manual,4.2,84
Hyundai,Camry,2014,White,131933,44240,Hybrid,Automatic,4.9,160
Mercedes-Benz,Sonata,2007,Red,158991,77500,Electric,Manual,3.0,176
Mercedes-Benz,Camry,2008,Silver,27332,61432,Electric,Automatic,3.3,130
BMW,Silverado,2020,Orange,92867,45482,Diesel,Automatic,5.6,92
Nissan,3 Series,2022,Blue,45548,32648,Electric,Manual,4.5,94
Mercedes-Benz,3 Series,2022,Green,176294,70466,Gasoline,Automatic,5.4,99
BMW,Civic,2009,White,54567,11926,Hybrid,Manual,3.1,143
Hyundai,Altima,2013,Silver,48203,56170,Hybrid,Automatic,5.5,151
Nissan,Civic,2000,Blue,153663,94730,Diesel,Automatic,2.3,189
Hyundai,Altima,2000,White,128829,62550,Electric,Automatic,1.7,80
Volkswagen,Silverado,2006,Blue,106702,17991,Diesel,Manual,2.6,172
BMW,Civic,2000,Red,128684,8034,Gasoline,Automatic,4.1,148
Hyundai,Sonata,2018,Gray,194815,43452,Diesel,Automatic,3.8,130
Hyundai,Golf,2017,Blue,38661,60872,Diesel,Manual,2.0,188
Ford,Civic,2002,Silver,65866,27828,Gasoline,Automatic,2.7,89
Audi,Camry,2021,Purple,181211,89628,Diesel,Automatic,1.8,167
Nissan,Sonata,2004,Silver,20198,28855,Electric,Manual,5.6,101
Hyundai,Sonata,2003,Red,116722,35275,Gasoline,Manual,3.2,109
Mercedes-Benz,Sonata,2011,Gray,65437,54505,Diesel,Manual,2.1,159
Nissan,3 Series,2020,Green,25307,31479,Electric,Manual,3.2,111
Volkswagen,Camry,2007,Orange,105423,64628,Electric,Automatic,2.3,106
Audi,Mustang,2000,Yellow,98196,87544,Diesel,Manual,5.9,120
Volkswagen,A4,2020,Yellow,33749,76458,Gasoline,Manual,5.8,87
Chevrolet,Altima,2006,Blue,57260,43385,Hybrid,Manual,1.5,84
Audi,Camry,2002,Purple,182051,46130,Gasoline,Automatic,3.3,84
Ford,3 Series,2002,Purple,120424,81543,Electric,Automatic,1.9,89
Volkswagen,Camry,2011,Purple,103686,68418,Diesel,Manual,2.6,142
Hyundai,3 Series,2007,Black,127091,29915,Hybrid,Manual,1.9,101
Chevrolet,Camry,2002,Blue,56327,37655,Electric,Manual,4.5,92
Ford,3 Series,2000,Blue,155582,84083,Gasoline,Automatic,3.0,89
Hyundai,Sonata,2003,Purple,11751,78976,Electric,Automatic,5.7,152
Mercedes-Benz,Mustang,2015,Silver,57524,45496,Gasoline,Manual,4.4,154
Volkswagen,Civic,2010,Gray,4930,39134,Gasoline,Manual,2.2,103
BMW,Silverado,2010,Orange,31074,50794,Hybrid,Automatic,3.4,158
Audi,Sonata,2006,Blue,158388,50062,Hybrid,Automatic,3.4,159
Mercedes-Benz,Civic,2011,Orange,133574,87558,Hybrid,Automatic,4.0,88
Audi,Civic,2007,Orange,152026,78714,Electric,Manual,2.7,173
Audi,E-Class,2006,Purple,139101,61655,Hybrid,Manual,3.1,151
Mercedes-Benz,Mustang,2011,White,2910,59035,Gasoline,Automatic,5.0,183
BMW,Mustang,2001,Black,4350,23879,Gasoline,Automatic,5.8,92
Honda,Altima,2002,White,160403,32800,Hybrid,Automatic,2.9,161
Volkswagen,Civic,2002,Purple,199946,50809,Hybrid,Manual,4.9,91
Ford,Altima,2019,Blue,143006,60567,Hybrid,Manual,3.7,175
Ford,E-Class,2019,Yellow,7645,46629,Gasoline,Manual,3.2,197
Audi,Golf,2015,Orange,60737,35100,Diesel,Automatic,4.9,127
Ford,Sonata,2010,Green,169742,56347,Hybrid,Automatic,3.6,138
Mercedes-Benz,Silverado,2022,Purple,82739,74046,Hybrid,Manual,5.5,154
Mercedes-Benz,E-Class,2006,Orange,179127,20472,Diesel,Automatic,3.3,189
Audi,3 Series,2014,Red,175394,35332,Gasoline,Manual,3.3,110
BMW,Altima,2006,Orange,104981,53237,Electric,Automatic,2.4,176
Mercedes-Benz,Civic,2002,White,8035,73406,Gasoline,Automatic,4.0,189
Honda,Civic,2003,White,152528,24220,Electric,Automatic,2.1,150
Hyundai,Mustang,2011,White,1953,99705,Diesel,Manual,1.9,137
Ford,Golf,2012,Gray,19092,18362,Hybrid,Manual,2.6,116
Honda,Camry,2004,Purple,158726,19227,Gasoline,Automatic,3.5,83
Honda,Mustang,2000,Silver,83984,99142,Hybrid,Manual,1.6,184
Ford,E-Class,2015,White,190523,29287,Diesel,Automatic,4.5,184
Honda,Camry,2017,White,90159,56316,Gasoline,Manual,1.4,176
Honda,Altima,2003,Yellow,33739,12533,Diesel,Automatic,2.3,121
Chevrolet,Camry,2004,Purple,3127,67100,Electric,Manual,1.3,101
Hyundai,Mustang,2004,Purple,196505,58421,Electric,Automatic,1.4,197
Nissan,Sonata,2000,Black,56745,59274,Gasoline,Automatic,2.9,127
Ford,Mustang,2017,Green,8883,88828,Gasoline,Manual,1.1,106
Audi,Mustang,2001,Red,163278,80621,Hybrid,Manual,3.9,139
Mercedes-Benz,Camry,2009,Silver,25095,34591,Hybrid,Automatic,4.5,120
Chevrolet,E-Class,2009,Red,77592,95788,Diesel,Automatic,4.8,96
Ford,Silverado,2012,Purple,62401,24283,Electric,Manual,5.5,163
Hyundai,Altima,2008,Silver,4409,49742,Electric,Manual,3.1,191
Chevrolet,E-Class,2000,Orange,110361,57538,Diesel,Automatic,4.1,179
Chevrolet,Altima,2008,Purple,119765,95667,Gasoline,Automatic,2.7,111
Hyundai,Silverado,2008,Green,65133,88484,Gasoline,Automatic,1.6,191
Audi,3 Series,2018,White,12880,96361,Hybrid,Automatic,5.9,162
Mercedes-Benz,Mustang,2013,Orange,92949,28415,Gasoline,Manual,2.3,166
Audi,3 Series,2016,Blue,87949,49948,Gasoline,Manual,3.3,91
Mercedes-Benz,Altima,2002,Blue,70406,6219,Electric,Automatic,5.6,84
Ford,Golf,2022,Orange,52554,65020,Electric,Automatic,1.9,145
Toyota,E-Class,2014,Orange,104442,51134,Hybrid,Manual,4.1,103
Hyundai,Silverado,2022,White,87640,10513,Diesel,Manual,5.7,144
BMW,Civic,2007,Green,176757,42694,Hybrid,Automatic,5.9,159
Honda,Altima,2004,Silver,56421,51505,Gasoline,Automatic,1.6,193
Honda,Mustang,2019,Orange,108313,23711,Diesel,Automatic,3.3,137
Honda,Altima,2010,Green,41621,55677,Diesel,Manual,2.5,125
Honda,Mustang,2011,Gray,136740,35808,Hybrid,Manual,1.4,93
Mercedes-Benz,A4,2014,Red,194339,63742,Electric,Manual,4.3,187
BMW,Civic,2002,Green,163532,11662,Electric,Automatic,2.6,184
BMW,A4,2001,Black,25411,61914,Electric,Automatic,5.7,189
Chevrolet,Sonata,2011,Green,77209,25750,Diesel,Manual,5.6,158
Nissan,Golf,2014,Orange,178581,78638,Gasoline,Automatic,1.0,174
Chevrolet,Civic,2013,Purple,90496,12569,Electric,Manual,5.3,167
Hyundai,E-Class,2012,Gray,62602,11751,Gasoline,Manual,4.4,149
Honda,Sonata,2010,Yellow,136828,74999,Electric,Automatic,6.0,181
Volkswagen,E-Class,2016,Green,124234,22891,Hybrid,Manual,5.8,152
BMW,A4,2001,Red,171568,65214,Electric,Automatic,5.8,129
Nissan,3 Series,2019,Purple,66786,5212,Electric,Automatic,2.0,145
Volkswagen,Altima,2013,Black,37928,20678,Diesel,Manual,4.7,121
Hyundai,Sonata,2003,Blue,97762,96643,Electric,Manual,2.5,137
Honda,Camry,2020,Gray,65586,94219,Hybrid,Automatic,2.8,84
Honda,A4,2005,Yellow,132776,82266,Gasoline,Automatic,5.8,93
Chevrolet,Golf,2003,Purple,174469,58997,Diesel,Automatic,3.7,133
Audi,A4,2007,Green,89594,48385,Electric,Manual,4.0,105
Mercedes-Benz,E-Class,2018,Orange,190152,8523,Electric,Automatic,2.7,199
Hyundai,Camry,2003,Yellow,95839,72830,Diesel,Manual,3.3,179
Ford,Golf,2020,Black,184517,25468,Electric,Automatic,3.8,147
BMW,Silverado,2007,Gray,97438,91979,Electric,Automatic,3.2,194
Honda,Silverado,2012,Black,81912,16898,Electric,Manual,5.6,145
Ford,3 Series,2016,Silver,81544,65972,Gasoline,Manual,5.6,196
BMW,Silverado,2000,Blue,57499,70394,Gasoline,Automatic,1.2,145
Audi,Mustang,2007,Gray,147998,16314,Hybrid,Manual,5.5,164
Chevrolet,Civic,2016,Black,67256,63969,Electric,Automatic,1.9,183
Hyundai,Civic,2002,Purple,188843,66641,Electric,Manual,3.6,157
Hyundai,Altima,2001,Black,400,47245,Gasoline,Manual,1.5,184
Toyota,Altima,2000,Red,2751,16284,Gasoline,Automatic,5.2,163
Chevrolet,E-Class,2009,Silver,62499,7653,Gasoline,Automatic,4.2,166
BMW,E-Class,2006,Gray,93900,38110,Electric,Manual,3.1,181
Toyota,Silverado,2016,White,194467,99158,Hybrid,Automatic,6.0,123
Audi,Sonata,2007,Orange,140402,72041,Hybrid,Automatic,3.1,103
Honda,E-Class,2007,Orange,171296,56376,Diesel,Automatic,5.4,182
Nissan,Golf,2007,Green,24578,69230,Gasoline,Automatic,1.5,191
BMW,Altima,2003,Orange,67814,55442,Hybrid,Manual,5.1,151
Audi,Sonata,2013,Black,168324,47904,Hybrid,Manual,3.7,82
Chevrolet,Camry,2003,White,61007,28983,Gasoline,Manual,3.7,129
Honda,Golf,2018,Orange,96731,27160,Gasoline,Automatic,3.7,143
Honda,Civic,2016,Blue,141467,69266,Gasoline,Manual,4.2,189
Toyota,Mustang,2020,Blue,39789,40434,Electric,Manual,3.0,198
Chevrolet,A4,2022,Orange,128767,6374,Electric,Automatic,1.7,181
Nissan,Silverado,2018,Gray,23367,80356,Gasoline,Manual,3.0,149
Toyota,Civic,2011,Purple,88716,66665,Diesel,Automatic,5.0,157
Volkswagen,Mustang,2006,Gray,3774,71039,Gasoline,Automatic,4.9,108
Ford,Sonata,2012,Blue,130439,98999,Electric,Manual,3.9,134
BMW,E-Class,2012,Purple,46507,79098,Gasoline,Manual,2.9,160
BMW,Civic,2005,Gray,69104,83168,Electric,Manual,3.1,81
Ford,Mustang,2016,White,72099,33607,Hybrid,Manual,3.0,156
Volkswagen,Civic,2013,Gray,65803,30841,Hybrid,Automatic,2.9,144
Chevrolet,A4,2019,Purple,64228,47261,Hybrid,Manual,2.0,169
Ford,Silverado,2009,Orange,26242,11564,Gasoline,Automatic,1.4,100
BMW,Silverado,2021,Black,76863,57057,Diesel,Automatic,1.1,193
BMW,Civic,2022,Silver,84503,94357,Electric,Automatic,3.1,122
Volkswagen,Altima,2022,Blue,121798,24017,Diesel,Automatic,1.8,87
BMW,Civic,2002,Gray,57032,35793,Electric,Automatic,4.3,115
Toyota,Silverado,2001,Gray,63881,16025,Diesel,Automatic,2.5,199
Volkswagen,Mustang,2020,Red,174070,41160,Hybrid,Automatic,3.7,162
Hyundai,Golf,2009,Black,35578,82965,Electric,Manual,1.6,185
Hyundai,E-Class,2005,Yellow,59582,32907,Diesel,Manual,5.0,136
Volkswagen,3 Series,2011,Silver,188978,86225,Diesel,Manual,4.2,101
Chevrolet,Mustang,2021,Green,53445,22025,Diesel,Manual,5.2,154
Ford,Altima,2017,Orange,137125,29525,Gasoline,Automatic,3.3,98
Audi,Altima,2012,Black,30078,16225,Electric,Automatic,1.3,144
Chevrolet,Mustang,2004,Green,191801,22720,Electric,Manual,5.9,129
Toyota,A4,2022,Blue,116148,61014,Diesel,Automatic,1.5,111
Toyota,Altima,2014,Purple,82056,98470,Diesel,Manual,5.7,120
BMW,Sonata,2021,White,65066,40516,Electric,Automatic,4.1,123
Mercedes-Benz,Mustang,2007,Purple,167286,26966,Gasoline,Automatic,1.4,135
Ford,Mustang,2022,Gray,64832,11603,Diesel,Automatic,4.4,88
Hyundai,Camry,2013,Yellow,37193,47101,Electric,Manual,5.4,192
BMW,Altima,2014,Orange,172169,87754,Gasoline,Manual,1.3,146
BMW,Golf,2000,Silver,165438,12232,Electric,Automatic,5.2,148
Ford,A4,2015,Green,144820,75310,Hybrid,Manual,1.4,153
Nissan,Civic,2020,Red,26965,47340,Diesel,Manual,2.3,113
Nissan,Silverado,2002,Silver,182349,42969,Hybrid,Automatic,5.8,175
Chevrolet,Civic,2000,Black,42618,80954,Hybrid,Manual,3.9,156
BMW,Golf,2012,White,113591,55843,Electric,Automatic,4.7,108
Toyota,Camry,2018,Black,101035,56958,Electric,Manual,3.4,171
Chevrolet,Golf,2000,Orange,38507,53557,Gasoline,Automatic,4.9,128
Hyundai,Mustang,2009,Blue,132521,16487,Hybrid,Manual,1.8,152
BMW,Silverado,2007,Yellow,89766,98142,Gasoline,Manual,4.3,104
Mercedes-Benz,Camry,2017,Yellow,110259,62301,Electric,Manual,2.3,128
Nissan,Golf,2020,Green,185750,33841,Gasoline,Automatic,2.3,197
Honda,Mustang,2022,Gray,126810,74068,Diesel,Automatic,4.7,167
Hyundai,Sonata,2017,Silver,120484,50103,Hybrid,Manual,1.9,152
Nissan,3 Series,2019,Black,156822,85413,Diesel,Automatic,3.7,123
Chevrolet,Camry,2000,Yellow,25029,16924,Hybrid,Manual,3.0,136
BMW,3 Series,2003,Purple,161433,84063,Electric,Automatic,4.6,171
Chevrolet,Silverado,2016,Green,81236,81937,Diesel,Automatic,2.3,130
Volkswagen,Sonata,2008,Orange,129443,19807,Hybrid,Automatic,3.2,180
Nissan,Silverado,2013,Silver,189673,64569,Electric,Manual,2.3,167
Ford,Sonata,2005,Silver,171443,70925,Electric,Automatic,3.0,85
Mercedes-Benz,Golf,2011,Red,34376,90457,Gasoline,Automatic,4.2,154
Honda,Silverado,2020,Blue,191354,51529,Diesel,Automatic,4.2,124
BMW,Altima,2003,Blue,157871,16451,Diesel,Manual,4.8,82
Volkswagen,E-Class,2020,Blue,39350,42618,Gasoline,Automatic,4.0,151
Nissan,Mustang,2017,Blue,130799,32366,Gasoline,Automatic,5.0,122
Mercedes-Benz,E-Class,2002,White,84141,54920,Gasoline,Manual,1.1,86
Audi,Mustang,2016,Black,108249,18153,Diesel,Manual,1.7,116
Audi,E-Class,2015,Blue,23885,19878,Diesel,Manual,4.4,137
Honda,Golf,2005,Black,107133,24420,Gasoline,Manual,1.5,109
Volkswagen,Mustang,2013,Orange,172899,18140,Gasoline,Automatic,1.7,87
Mercedes-Benz,3 Series,2022,Red,30763,75084,Hybrid,Manual,3.1,124
Chevrolet,Camry,2006,Black,138430,97203,Gasoline,Automatic,2.1,115
Chevrolet,Civic,2003,Black,48016,69615,Diesel,Manual,3.3,108
Nissan,Camry,2009,Gray,107285,5460,Gasoline,Manual,3.5,91
Chevrolet,Altima,2004,Purple,33062,98159,Electric,Manual,4.9,85
Mercedes-Benz,Silverado,2007,Orange,166110,64999,Gasoline,Manual,1.8,92
Chevrolet,Mustang,2011,Orange,125653,15506,Hybrid,Manual,4.1,103
Audi,Camry,2015,Silver,33868,65420,Gasoline,Automatic,1.7,180
Toyota,Camry,2000,Yellow,6016,76024,Gasoline,Manual,4.1,100
Toyota,Mustang,2017,Red,187599,66607,Electric,Automatic,3.2,161
Honda,Camry,2004,Silver,77223,27870,Diesel,Manual,1.1,138
BMW,3 Series,2005,Orange,53506,83228,Hybrid,Automatic,4.2,146
Volkswagen,Civic,2017,Silver,124938,30989,Electric,Manual,1.2,135
Chevrolet,Altima,2005,Red,53201,47445,Hybrid,Manual,2.7,191
Chevrolet,E-Class,2000,Purple,27522,81139,Hybrid,Automatic,2.7,186
Hyundai,Mustang,2016,Gray,26239,17359,Electric,Manual,2.7,184
BMW,Civic,2010,Orange,65349,71717,Diesel,Automatic,5.2,111
Audi,Sonata,2017,Blue,128059,67957,Gasoline,Manual,3.9,187
Toyota,Altima,2000,Yellow,97337,19087,Gasoline,Automatic,2.1,92
Toyota,Golf,2004,Orange,24012,57568,Hybrid,Automatic,4.0,183
Toyota,Mustang,2004,Black,93209,96050,Gasoline,Automatic,5.6,112
Toyota,A4,2018,Silver,12014,47874,Diesel,Manual,4.7,153
BMW,Camry,2015,Blue,31063,70046,Hybrid,Manual,4.7,136
Hyundai,3 Series,2002,Gray,154558,54349,Electric,Automatic,3.0,84
BMW,E-Class,2004,White,107154,42722,Hybrid,Manual,5.2,188
Ford,Camry,2021,Orange,85580,84812,Diesel,Manual,4.5,185
Honda,Altima,2021,Red,92402,6026,Hybrid,Manual,4.7,195
Mercedes-Benz,A4,2003,Orange,89108,68230,Diesel,Automatic,2.7,125
Audi,Civic,2019,Black,63097,78492,Hybrid,Automatic,4.3,151
Nissan,3 Series,2009,Orange,129644,84440,Diesel,Automatic,2.1,199
Audi,3 Series,2009,Green,131019,81019,Gasoline,Manual,2.5,182
BMW,E-Class,2007,Silver,48063,44484,Electric,Manual,4.8,157
Audi,3 Series,2019,Purple,110831,78839,Diesel,Automatic,1.4,128
Honda,Mustang,2000,Purple,26524,13440,Electric,Manual,4.6,157
Nissan,Sonata,2001,Gray,20929,78522,Hybrid,Automatic,2.6,165
Nissan,Mustang,2003,Blue,132025,22460,Hybrid,Automatic,2.8,112
Volkswagen,Civic,2020,Yellow,141766,29207,Gasoline,Manual,1.6,180
BMW,A4,2014,Gray,120613,76224,Hybrid,Manual,4.5,136
Toyota,Camry,2015,White,21276,32328,Gasoline,Manual,3.9,128
Hyundai,Civic,2009,White,85592,29038,Diesel,Automatic,5.5,153
Nissan,Civic,2009,Red,174801,67361,Gasoline,Automatic,3.7,98
Hyundai,Camry,2007,White,140472,99040,Diesel,Manual,1.7,106
Audi,Civic,2005,Black,91044,56744,Electric,Manual,4.6,191
Chevrolet,A4,2014,Silver,187530,27400,Diesel,Automatic,4.4,95
BMW,Sonata,2005,Gray,101004,61384,Diesel,Manual,3.4,131
Hyundai,E-Class,2011,White,167213,54673,Hybrid,Automatic,1.0,164
Ford,Silverado,2003,Purple,21308,97053,Diesel,Automatic,5.3,96
Toyota,Sonata,2006,Purple,11697,26999,Gasoline,Automatic,3.0,146
Audi,Camry,2019,Gray,147896,25969,Hybrid,Automatic,3.8,111
Toyota,3 Series,2018,Orange,29516,83609,Diesel,Automatic,4.4,149
Honda,Golf,2022,Purple,88320,65149,Diesel,Automatic,3.3,175
Nissan,Sonata,2014,White,66869,34497,Diesel,Automatic,2.6,85
Hyundai,E-Class,2022,Yellow,141514,37078,Hybrid,Manual,4.2,131
Audi,Civic,2022,Red,117741,73646,Hybrid,Manual,5.8,169
BMW,Camry,2009,Green,118631,18970,Electric,Manual,3.3,124
Honda,Golf,2001,Yellow,164669,66528,Electric,Manual,4.5,140
Volkswagen,E-Class,2004,Green,145946,52644,Hybrid,Automatic,3.2,115
Audi,Camry,2019,White,81017,18446,Hybrid,Automatic,3.2,198
Audi,Sonata,2021,White,34467,57110,Hybrid,Manual,2.2,140
Nissan,Sonata,2009,Blue,101344,9701,Gasoline,Manual,5.8,186
Audi,Sonata,2003,White,110669,20783,Diesel,Manual,3.2,139
Toyota,A4,2008,Red,157659,9094,Electric,Automatic,2.6,104
Mercedes-Benz,A4,2017,Blue,76437,58051,Diesel,Automatic,2.7,146
BMW,Mustang,2003,Silver,101787,16487,Electric,Manual,5.9,156
Ford,Mustang,2009,Black,128400,37085,Gasoline,Manual,4.0,128
Chevrolet,Camry,2014,Gray,114156,7483,Gasoline,Manual,3.1,141
Honda,Mustang,2015,Red,16230,50162,Electric,Automatic,5.2,180
Ford,3 Series,2014,Red,120372,8400,Diesel,Automatic,3.3,191
Audi,Golf,2013,Silver,142471,57042,Diesel,Manual,1.0,121
Hyundai,Camry,2005,Blue,18616,14143,Diesel,Automatic,2.6,151
Hyundai,Sonata,2020,Blue,96327,51728,Electric,Manual,3.0,114
Nissan,E-Class,2016,Orange,187115,8055,Hybrid,Manual,3.4,129
Chevrolet,Sonata,2005,Black,42320,59673,Electric,Automatic,1.3,151
Nissan,Camry,2012,Blue,156254,70265,Hybrid,Manual,2.7,182
Ford,Sonata,2003,Red,107739,85916,Diesel,Manual,3.5,165
Ford,3 Series,2015,Black,33300,50417,Diesel,Manual,5.7,116
Ford,3 Series,2015,White,152496,30502,Gasoline,Automatic,3.7,130
Ford,Golf,2006,Black,129405,60841,Electric,Automatic,5.6,195
Toyota,Camry,2010,White,156175,72303,Electric,Manual,3.4,89
Chevrolet,3 Series,2005,White,38349,98433,Gasoline,Manual,3.1,168
BMW,3 Series,2016,Green,3533,80107,Electric,Manual,3.2,116
Mercedes-Benz,Civic,2018,Green,196772,45857,Hybrid,Manual,3.0,143
BMW,Camry,2012,Silver,169372,52198,Diesel,Manual,5.7,173
Ford,Silverado,2004,White,173344,92618,Electric,Automatic,3.7,122
Honda,Altima,2017,Orange,128668,26659,Hybrid,Manual,4.3,170
Nissan,Altima,2003,Black,87579,7080,Hybrid,Manual,4.2,160
Chevrolet,Silverado,2007,Orange,170736,47826,Gasoline,Automatic,2.2,129
BMW,Golf,2022,Green,87343,56500,Electric,Manual,5.3,164
Audi,A4,2014,Black,181821,93747,Hybrid,Automatic,5.8,144
Toyota,Civic,2005,Green,168105,78958,Hybrid,Manual,1.4,157
Audi,Altima,2007,Blue,122976,46016,Hybrid,Automatic,5.6,88
Toyota,Altima,2016,Purple,111313,6816,Electric,Automatic,5.8,119
Ford,Golf,2000,Gray,22056,77195,Gasoline,Automatic,2.3,133
Hyundai,Sonata,2013,Black,116682,25112,Gasoline,Automatic,4.6,102
Honda,Golf,2013,Green,151487,14976,Hybrid,Manual,4.9,123
Ford,Golf,2007,Black,139254,29862,Gasoline,Automatic,3.0,136
Chevrolet,Sonata,2003,Yellow,194749,62457,Gasoline,Automatic,4.3,103
BMW,Mustang,2011,Blue,52975,81974,Gasoline,Manual,1.1,108
Audi,Altima,2018,White,195364,78174,Gasoline,Automatic,1.2,160
Volkswagen,3 Series,2000,Orange,135784,59555,Hybrid,Automatic,1.8,153
Honda,Sonata,2009,Silver,140081,70413,Electric,Manual,2.2,141
Audi,Altima,2000,Yellow,149162,94143,Electric,Manual,1.9,180
Nissan,3 Series,2012,Yellow,91610,19009,Gasoline,Manual,5.8,141
Nissan,Sonata,2012,Silver,80891,63499,Hybrid,Automatic,1.3,135
Chevrolet,3 Series,2008,Orange,59803,40077,Gasoline,Manual,1.6,155
Mercedes-Benz,Mustang,2012,Orange,131427,55165,Diesel,Manual,5.4,90
Chevrolet,Camry,2017,Blue,19778,87171,Electric,Manual,5.1,143
Nissan,Golf,2012,Purple,79427,91727,Hybrid,Manual,2.3,175
Nissan,E-Class,2015,Silver,160316,36247,Hybrid,Automatic,2.2,127
Honda,Camry,2020,Green,170134,18840,Diesel,Automatic,3.5,162
Ford,Sonata,2019,Yellow,115261,53370,Gasoline,Automatic,1.5,82
Toyota,Golf,2021,Silver,28720,31801,Hybrid,Manual,3.8,107
Volkswagen,E-Class,2014,Gray,92594,98943,Diesel,Manual,4.3,191
Volkswagen,3 Series,2017,Yellow,60077,36805,Hybrid,Manual,2.7,84
Audi,Camry,2012,Red,152500,38042,Diesel,Automatic,4.6,138
Chevrolet,A4,2017,Purple,96175,88730,Electric,Manual,1.3,123
Ford,Golf,2008,Yellow,70059,87002,Diesel,Manual,3.6,149
Mercedes-Benz,3 Series,2003,Gray,115011,24823,Electric,Manual,3.4,193
Volkswagen,Camry,2022,Green,41594,39313,Diesel,Automatic,3.7,168
Honda,Altima,2007,Black,78966,84074,Diesel,Automatic,5.7,122
BMW,Silverado,2008,Black,184630,99450,Electric,Automatic,2.2,113
Volkswagen,Silverado,2002,Black,9996,9186,Hybrid,Automatic,4.4,164
Volkswagen,E-Class,2007,Silver,53559,90657,Diesel,Manual,3.4,120
Toyota,3 Series,2017,Red,38037,53941,Diesel,Automatic,1.8,86
Volkswagen,Silverado,2007,Red,115445,33321,Gasoline,Automatic,3.4,101
Ford,Altima,2020,Red,297,14046,Hybrid,Manual,5.8,164
Mercedes-Benz,Golf,2012,Black,21320,46237,Hybrid,Automatic,5.2,108
Ford,3 Series,2009,Red,26506,38350,Hybrid,Automatic,5.4,148
Ford,Camry,2014,Black,195415,71515,Electric,Automatic,3.6,88
Mercedes-Benz,Civic,2019,Gray,17682,82480,Electric,Automatic,4.4,175
Volkswagen,Altima,2010,Silver,158102,63108,Diesel,Automatic,1.2,189
Honda,Civic,2003,Green,186249,19606,Gasoline,Automatic,5.6,117
Volkswagen,E-Class,2008,Blue,171637,57581,Gasoline,Automatic,3.1,167
Honda,E-Class,2008,Red,104209,64828,Electric,Manual,4.1,104
BMW,E-Class,2015,Silver,22854,14659,Gasoline,Automatic,5.8,109
Hyundai,Sonata,2000,Purple,6726,87378,Electric,Automatic,4.6,180
Toyota,Civic,2002,Red,133323,56765,Diesel,Automatic,5.9,144
BMW,Mustang,2000,Black,55174,64148,Gasoline,Manual,1.6,111
Honda,Silverado,2012,Red,5107,20576,Electric,Manual,3.7,157
Audi,E-Class,2005,Orange,37741,50941,Hybrid,Automatic,3.6,165
Audi,Camry,2018,Orange,132031,46623,Gasoline,Manual,2.8,123
Audi,Silverado,2001,Silver,75311,96140,Gasoline,Manual,3.5,110
Toyota,Sonata,2011,Orange,166930,52646,Gasoline,Automatic,2.0,150
Toyota,Golf,2009,Black,38934,47659,Hybrid,Manual,1.8,87
BMW,Mustang,2015,Purple,172721,84186,Electric,Manual,1.9,109
Volkswagen,Silverado,2014,Orange,97980,43274,Electric,Automatic,1.7,96
Toyota,Golf,2005,Orange,172930,62520,Electric,Manual,4.8,90
Nissan,Sonata,2006,Red,198994,8422,Electric,Automatic,4.6,96
Chevrolet,Silverado,2017,Black,144734,23616,Gasoline,Manual,3.6,179
Chevrolet,Silverado,2022,Red,112533,46837,Electric,Manual,1.9,173
Ford,A4,2013,Black,124943,33280,Gasoline,Automatic,3.2,157
Audi,E-Class,2006,Silver,72988,89759,Hybrid,Automatic,2.8,167
Toyota,Golf,2000,Black,175990,6893,Gasoline,Automatic,4.5,141
Nissan,Sonata,2001,Purple,48562,35089,Diesel,Automatic,4.7,101
Honda,Civic,2000,Black,141658,54259,Diesel,Automatic,5.3,133
Hyundai,Silverado,2010,Gray,185559,99670,Gasoline,Automatic,4.3,146
Audi,Camry,2016,Green,78134,91878,Gasoline,Manual,2.1,94
Audi,Camry,2012,Green,17726,48828,Diesel,Manual,3.1,140
Volkswagen,Civic,2022,Orange,2758,87322,Gasoline,Automatic,4.4,113
Audi,Golf,2012,Blue,80853,38763,Electric,Manual,5.7,195
Hyundai,3 Series,2019,Green,147709,42107,Gasoline,Automatic,5.3,182
Chevrolet,E-Class,2007,Blue,71668,67188,Electric,Manual,2.0,115
Ford,A4,2006,Orange,46389,17935,Hybrid,Manual,5.9,119
Honda,E-Class,2017,Purple,47734,54047,Diesel,Automatic,1.0,108
Audi,Sonata,2017,Purple,99148,99853,Electric,Manual,5.9,200
Ford,3 Series,2006,Blue,36615,47356,Electric,Manual,3.1,184
Honda,3 Series,2008,Black,126023,85457,Gasoline,Automatic,2.4,165
Mercedes-Benz,E-Class,2022,Green,170013,96699,Diesel,Automatic,5.7,168
Chevrolet,E-Class,2020,Green,31296,19490,Electric,Manual,5.2,141
Audi,Civic,2008,Orange,113647,66559,Diesel,Automatic,3.5,109
Toyota,Silverado,2021,White,184135,34303,Hybrid,Manual,3.5,84
Mercedes-Benz,Sonata,2010,Gray,187966,66526,Gasoline,Automatic,2.4,164
Audi,3 Series,2019,Yellow,104532,16640,Electric,Manual,2.4,169
Nissan,Civic,2018,Orange,71771,37517,Electric,Automatic,5.0,121
Volkswagen,3 Series,2008,Green,182894,89415,Diesel,Manual,2.2,104
Mercedes-Benz,A4,2009,Blue,60363,26867,Diesel,Manual,5.6,180
Toyota,E-Class,2007,Yellow,60297,24909,Diesel,Manual,5.9,191
BMW,Golf,2016,Orange,190517,56199,Electric,Manual,5.0,85
Audi,Silverado,2001,Black,86679,80153,Hybrid,Manual,1.1,174
Volkswagen,E-Class,2000,Black,142034,79272,Hybrid,Automatic,2.5,95
Ford,Civic,2019,White,153460,22439,Gasoline,Automatic,5.5,120
Ford,E-Class,2003,Yellow,65875,12681,Gasoline,Automatic,1.2,146
Chevrolet,Camry,2019,Silver,32420,27272,Diesel,Automatic,4.5,116
Chevrolet,Altima,2022,Yellow,148982,23501,Diesel,Automatic,2.3,197
Volkswagen,Mustang,2015,Gray,86884,10976,Hybrid,Manual,3.5,197
Chevrolet,Silverado,2013,Green,148961,83097,Diesel,Manual,2.8,113
Chevrolet,Golf,2012,Orange,22427,78846,Hybrid,Automatic,1.3,193
Volkswagen,Altima,2000,Gray,12310,12854,Diesel,Automatic,1.6,92
Chevrolet,Golf,2000,Purple,171833,57238,Diesel,Manual,3.9,122
Hyundai,Sonata,2017,Orange,77643,80346,Electric,Manual,4.0,196
Audi,Silverado,2003,Silver,158739,15075,Hybrid,Automatic,3.4,157
Toyota,Camry,2008,Green,95216,68133,Gasoline,Automatic,5.8,175
Chevrolet,E-Class,2012,Green,165985,52981,Hybrid,Manual,4.4,193
Chevrolet,Golf,2020,Orange,46460,18571,Diesel,Manual,2.7,190
Nissan,Civic,2012,Orange,83320,47500,Gasoline,Manual,4.8,113
Nissan,A4,2004,Purple,85197,83974,Hybrid,Automatic,4.8,196
Mercedes-Benz,3 Series,2001,Green,23726,24329,Diesel,Automatic,3.0,153
BMW,Altima,2012,Gray,59412,99588,Gasoline,Automatic,1.6,92
Honda,A4,2015,White,94937,29269,Hybrid,Manual,5.1,162
Toyota,E-Class,2021,Blue,84286,77378,Electric,Automatic,1.6,169
Chevrolet,Civic,2018,Green,32825,66094,Electric,Automatic,1.7,95
Chevrolet,Sonata,2015,Green,14993,11066,Diesel,Manual,5.0,131
BMW,E-Class,2013,Blue,48991,50036,Electric,Manual,1.1,125
Volkswagen,Civic,2013,Orange,62520,74625,Diesel,Manual,3.9,152
Honda,Sonata,2005,Gray,23430,73401,Hybrid,Automatic,2.2,143
Mercedes-Benz,Silverado,2000,Purple,41342,57458,Diesel,Automatic,4.3,112
Ford,Sonata,2013,Purple,73795,76349,Gasoline,Automatic,2.3,167
Audi,Sonata,2008,White,153390,99644,Diesel,Automatic,1.1,103
Ford,A4,2006,Red,15473,51061,Gasoline,Automatic,1.5,191
Hyundai,E-Class,2010,Blue,134604,50920,Gasoline,Automatic,4.4,175
Ford,Camry,2022,White,193386,41009,Electric,Automatic,2.0,171
Nissan,Mustang,2010,Blue,51278,56136,Hybrid,Manual,3.3,172
Honda,A4,2016,Yellow,199618,41093,Hybrid,Manual,4.2,100
Honda,Golf,2012,Gray,140975,5474,Electric,Manual,5.4,99
Hyundai,Civic,2011,Blue,151354,57946,Gasoline,Automatic,4.5,196
BMW,Mustang,2012,Purple,35133,92892,Diesel,Automatic,4.4,178
Honda,Silverado,2008,Purple,5115,16649,Gasoline,Manual,1.0,168
Nissan,Civic,2004,Green,179120,46893,Diesel,Automatic,3.5,143
Ford,Golf,2005,Black,92079,75611,Gasoline,Automatic,5.5,81
Volkswagen,Camry,2015,Gray,148037,58795,Hybrid,Automatic,3.0,175
Toyota,E-Class,2021,Silver,116507,69879,Diesel,Manual,3.7,124
BMW,Camry,2022,Silver,58151,84708,Diesel,Manual,4.5,164
Toyota,A4,2017,Red,92148,12094,Diesel,Manual,5.0,141
Hyundai,Civic,2013,Purple,129564,71846,Hybrid,Manual,3.3,184
Nissan,3 Series,2005,Red,33328,29928,Hybrid,Automatic,2.8,114
Nissan,Sonata,2015,Orange,197100,27448,Electric,Manual,1.6,81
Honda,Silverado,2008,Orange,193472,66024,Electric,Manual,2.0,143
Ford,A4,2016,Red,34229,36364,Electric,Manual,2.6,164
Audi,Sonata,2020,Yellow,166849,79680,Diesel,Manual,5.4,133
Toyota,Mustang,2009,Blue,25799,23389,Electric,Automatic,5.7,150
Mercedes-Benz,E-Class,2021,Gray,124889,23820,Electric,Manual,3.0,84
Mercedes-Benz,Golf,2017,Orange,88495,7378,Electric,Manual,5.1,188
Mercedes-Benz,Altima,2009,Orange,41018,43683,Hybrid,Automatic,3.6,135
Honda,Altima,2014,Red,90928,74517,Diesel,Automatic,5.0,124
Toyota,Mustang,2000,Purple,41127,24504,Gasoline,Automatic,4.8,196
Nissan,Altima,2007,White,47359,75002,Electric,Manual,2.6,133
Ford,Camry,2000,Black,55602,89702,Hybrid,Manual,5.3,97
Nissan,Altima,2007,Yellow,76968,37604,Hybrid,Automatic,6.0,114
Toyota,Sonata,2002,Orange,144578,36797,Electric,Manual,5.3,89
Honda,Altima,2013,Black,62057,10335,Hybrid,Automatic,3.5,90
Honda,Sonata,2011,White,194358,14947,Diesel,Manual,5.7,185
Volkswagen,Golf,2001,White,198125,97748,Diesel,Automatic,5.3,147
BMW,Golf,2014,Silver,126293,44633,Electric,Manual,3.8,161
Volkswagen,Sonata,2015,White,107701,73555,Hybrid,Automatic,2.1,100
Audi,A4,2002,Orange,175467,73858,Diesel,Automatic,4.4,152
Volkswagen,Golf,2019,Yellow,100127,85812,Gasoline,Automatic,5.3,111
Audi,Sonata,2021,Red,78401,8255,Gasoline,Automatic,4.0,131
Ford,Mustang,2013,Red,143597,73584,Hybrid,Manual,4.3,161
Mercedes-Benz,Golf,2020,Purple,101285,56612,Gasoline,Automatic,5.2,155
Nissan,E-Class,2019,Purple,42535,20177,Electric,Manual,2.1,93
Hyundai,Golf,2007,Yellow,136440,9348,Diesel,Manual,5.2,163
BMW,Altima,2013,Silver,143997,42110,Diesel,Automatic,2.5,102
BMW,Golf,2007,Yellow,27536,51766,Diesel,Manual,1.8,111
Nissan,Mustang,2012,Blue,177127,30133,Electric,Automatic,5.6,103
Toyota,Sonata,2022,Purple,125991,24174,Hybrid,Manual,5.6,129
Honda,Mustang,2016,Blue,183508,23227,Hybrid,Manual,3.1,124
Nissan,Silverado,2009,Red,91140,34226,Diesel,Manual,4.2,85
Ford,E-Class,2006,Blue,177926,52094,Gasoline,Automatic,3.0,155
Toyota,Camry,2003,Purple,131799,78791,Hybrid,Automatic,2.8,116
Chevrolet,Civic,2017,White,108418,84083,Gasoline,Manual,5.5,96
Ford,Mustang,2019,Green,170040,83704,Diesel,Automatic,5.6,101
Toyota,Sonata,2003,Green,169136,53896,Diesel,Automatic,1.7,178
Toyota,3 Series,2011,White,180515,94444,Gasoline,Manual,5.2,151
BMW,Sonata,2019,Purple,58926,50022,Diesel,Manual,4.8,92
Toyota,E-Class,2004,Green,98338,91016,Hybrid,Manual,2.9,90
BMW,Golf,2014,White,32072,32469,Hybrid,Manual,5.5,114
Chevrolet,Altima,2018,Gray,150847,63238,Diesel,Automatic,2.5,91
Volkswagen,3 Series,2020,Yellow,163852,42288,Gasoline,Manual,5.3,87
BMW,Silverado,2000,Blue,60991,74062,Electric,Automatic,2.5,91
Toyota,A4,2020,Black,118523,22124,Gasoline,Manual,2.6,111
Hyundai,Golf,2015,Orange,172134,32601,Diesel,Manual,3.8,100
Volkswagen,Camry,2018,Green,53637,54801,Hybrid,Manual,2.8,146
Toyota,Golf,2021,Gray,171243,93317,Diesel,Automatic,2.0,138
Ford,Golf,2000,Red,166863,53956,Electric,Manual,2.9,157
Mercedes-Benz,Altima,2005,Green,62590,37302,Electric,Manual,2.6,110
Ford,Civic,2015,Gray,31661,6018,Gasoline,Manual,5.4,132
Honda,3 Series,2011,Black,62307,62955,Diesel,Manual,4.0,130
Volkswagen,A4,2018,Yellow,97473,9013,Gasoline,Automatic,1.9,169
Nissan,Golf,2022,Orange,144313,94239,Gasoline,Automatic,4.8,187
Nissan,Golf,2022,Black,70089,26733,Gasoline,Manual,1.8,188
Hyundai,Golf,2002,Gray,52030,39649,Diesel,Automatic,4.8,140
Audi,Sonata,2009,Orange,145071,82146,Hybrid,Automatic,1.0,150
Volkswagen,Civic,2015,Blue,122616,82385,Hybrid,Automatic,2.2,186
BMW,Silverado,2018,Silver,166705,71078,Hybrid,Automatic,5.3,106
Chevrolet,Camry,2020,Green,134609,97263,Hybrid,Manual,5.7,145
Honda,3 Series,2022,Purple,68070,31461,Hybrid,Automatic,1.0,88
Nissan,A4,2015,Black,12232,23803,Gasoline,Manual,3.1,113
Chevrolet,Civic,2016,White,92685,74964,Hybrid,Manual,4.2,128
Toyota,E-Class,2006,White,47423,76881,Electric,Manual,5.4,107
Volkswagen,Silverado,2019,Purple,19123,14945,Diesel,Manual,4.8,140
Nissan,Golf,2005,Silver,75650,52401,Diesel,Manual,3.0,111
Honda,Altima,2010,Yellow,143473,76440,Gasoline,Manual,6.0,191
Mercedes-Benz,E-Class,2011,Black,43491,24665,Gasoline,Automatic,5.8,160
Hyundai,Camry,2002,Green,32284,22167,Diesel,Automatic,1.3,106
Audi,E-Class,2010,Blue,153275,32744,Hybrid,Manual,4.9,82
Volkswagen,Silverado,2004,Black,160022,57785,Diesel,Automatic,5.1,121
Honda,Camry,2009,Silver,53956,42935,Gasoline,Automatic,5.2,127
Ford,E-Class,2007,Purple,108926,84095,Diesel,Manual,2.3,118
Ford,Mustang,2014,Purple,197707,70895,Diesel,Manual,2.6,152
Audi,Mustang,2018,Silver,2344,39874,Diesel,Manual,5.7,195
Audi,Golf,2011,Blue,194618,32535,Gasoline,Manual,1.6,117
Nissan,Civic,2007,Red,13784,54795,Gasoline,Automatic,4.4,172
Hyundai,Camry,2022,Orange,95188,98574,Gasoline,Manual,1.6,169
Toyota,Civic,2018,Blue,27513,63325,Electric,Automatic,1.7,187
Hyundai,A4,2009,Black,188081,12974,Diesel,Manual,4.9,170
Nissan,E-Class,2015,Blue,9336,77383,Diesel,Automatic,2.1,87
Volkswagen,Civic,2007,White,15261,68088,Diesel,Automatic,3.2,141
Mercedes-Benz,Altima,2017,Purple,192537,97588,Electric,Automatic,3.0,185
Audi,3 Series,2005,Purple,132157,55296,Hybrid,Manual,3.0,184
Nissan,A4,2005,Silver,121374,71665,Hybrid,Manual,2.6,121
Honda,Civic,2015,Black,79305,95368,Electric,Manual,3.7,104
Honda,A4,2008,Black,143645,39676,Electric,Manual,1.7,171
Hyundai,Mustang,2013,Red,71488,55785,Diesel,Automatic,4.7,179
Audi,Sonata,2012,White,190561,19939,Electric,Manual,4.3,174
Toyota,Silverado,2015,Black,107783,69538,Diesel,Manual,1.6,148
Volkswagen,Mustang,2016,Blue,114028,41416,Diesel,Manual,1.4,148
Nissan,Altima,2005,Blue,199463,65913,Hybrid,Manual,4.3,142
BMW,Altima,2002,Red,131154,19397,Diesel,Automatic,1.5,107
Audi,3 Series,2019,Yellow,112862,15556,Hybrid,Manual,5.8,139
Toyota,Golf,2002,Orange,86938,90140,Gasoline,Manual,5.8,113
Mercedes-Benz,Altima,2001,Red,122548,44245,Electric,Manual,5.4,101
Toyota,Sonata,2009,Red,46215,48102,Gasoline,Automatic,3.0,195
Toyota,Camry,2015,Purple,145909,7065,Gasoline,Manual,4.7,111
Hyundai,Silverado,2016,Black,154516,30712,Diesel,Manual,2.9,107
Hyundai,Altima,2018,Blue,91693,62633,Hybrid,Automatic,5.1,187
Audi,Camry,2022,Silver,79140,48795,Electric,Automatic,4.9,127
Toyota,Sonata,2020,Gray,131833,12525,Diesel,Automatic,2.5,125
Honda,Sonata,2019,Gray,67914,50892,Gasoline,Automatic,3.3,134
Toyota,Golf,2015,Red,69087,77131,Diesel,Automatic,3.0,131
BMW,Silverado,2014,White,19880,27823,Electric,Automatic,4.3,142
Honda,Golf,2014,Orange,197789,77910,Electric,Automatic,2.5,136
Volkswagen,Mustang,2006,Orange,28214,12744,Diesel,Manual,2.8,118
Mercedes-Benz,Altima,2006,Silver,69814,96413,Hybrid,Manual,3.3,87
Audi,Camry,2002,White,142350,41412,Diesel,Automatic,3.8,100
Hyundai,Silverado,2015,Orange,44102,97148,Electric,Automatic,2.8,108
Volkswagen,E-Class,2016,Purple,89453,85885,Electric,Manual,4.1,124
Hyundai,E-Class,2020,Green,160290,21021,Electric,Automatic,1.5,136
Honda,Silverado,2016,Gray,65014,5888,Hybrid,Automatic,5.8,170
Nissan,Altima,2004,Red,16584,15825,Diesel,Manual,1.7,92
Nissan,Altima,2010,White,105012,58613,Gasoline,Automatic,1.6,118
Ford,Civic,2003,Gray,118587,14339,Hybrid,Automatic,2.0,196
Mercedes-Benz,E-Class,2005,Yellow,138595,57721,Gasoline,Automatic,5.6,154
Audi,Civic,2007,Yellow,25121,47727,Gasoline,Automatic,5.8,164
Mercedes-Benz,Camry,2006,Black,80659,38352,Diesel,Manual,5.0,127
Mercedes-Benz,Silverado,2008,Silver,192443,84395,Gasoline,Automatic,1.1,164
Chevrolet,Mustang,2000,Silver,11886,37347,Hybrid,Manual,4.6,188
Volkswagen,E-Class,2017,White,166493,46763,Diesel,Manual,5.1,151
Hyundai,E-Class,2006,Yellow,77933,13035,Diesel,Manual,1.7,135
Mercedes-Benz,Mustang,2006,Yellow,137470,53688,Electric,Manual,3.5,146
Mercedes-Benz,Sonata,2000,Purple,11431,20378,Diesel,Automatic,5.4,126
Ford,Sonata,2013,Purple,37945,35133,Diesel,Manual,4.5,133
Honda,Camry,2013,Yellow,6457,41851,Gasoline,Manual,1.6,195
Mercedes-Benz,Altima,2014,Black,106008,54883,Gasoline,Manual,2.5,99
Audi,Sonata,2018,Orange,51388,10182,Diesel,Manual,2.1,172
Volkswagen,Golf,2006,Yellow,196430,96070,Gasoline,Automatic,3.8,197
Honda,A4,2001,Purple,186840,35919,Electric,Manual,4.5,190
Hyundai,Camry,2022,Red,194645,92437,Electric,Automatic,4.3,182
Ford,Civic,2001,Silver,52337,29281,Gasoline,Manual,3.3,153
Audi,A4,2002,Black,161777,58140,Gasoline,Automatic,2.4,96
Chevrolet,Altima,2003,Black,22421,53482,Electric,Manual,2.3,153
Audi,Golf,2017,Purple,12236,83056,Electric,Manual,1.7,100
Toyota,E-Class,2012,Silver,96202,36789,Hybrid,Manual,1.9,95
Honda,Sonata,2022,Yellow,140409,53949,Electric,Manual,3.8,94
Toyota,Civic,2009,Orange,142547,52281,Diesel,Automatic,3.4,148
Audi,Silverado,2008,Silver,77991,75912,Diesel,Automatic,1.0,117
Chevrolet,Sonata,2009,Gray,23721,19042,Hybrid,Automatic,4.5,110
Nissan,Golf,2022,Red,125946,42001,Hybrid,Manual,5.3,98
Mercedes-Benz,Silverado,2009,Purple,113179,41286,Electric,Automatic,1.7,144
Ford,Mustang,2007,Black,12398,89067,Gasoline,Manual,4.7,121
Toyota,Silverado,2006,Green,10016,66043,Electric,Manual,2.4,188
Mercedes-Benz,E-Class,2021,White,74797,65215,Hybrid,Automatic,2.3,186
Hyundai,Mustang,2016,White,192474,48483,Electric,Automatic,1.4,81
Chevrolet,Golf,2022,White,59411,86559,Diesel,Manual,2.4,110
Hyundai,Sonata,2009,Purple,143255,43213,Gasoline,Automatic,1.3,90
Honda,Golf,2007,Black,68315,34405,Gasoline,Automatic,1.3,113
Nissan,Sonata,2022,Purple,129054,47076,Gasoline,Manual,3.9,113
Hyundai,A4,2007,Blue,159146,62798,Hybrid,Manual,2.9,173
Toyota,E-Class,2013,Yellow,25500,38871,Diesel,Manual,1.5,108
Mercedes-Benz,Camry,2010,Green,191414,88970,Electric,Manual,3.1,88
Audi,Mustang,2001,Blue,75338,5911,Hybrid,Automatic,1.8,148
Toyota,Silverado,2016,Green,51470,44800,Electric,Manual,3.2,106
Toyota,Civic,2009,Green,190103,61554,Diesel,Automatic,4.3,128
Hyundai,Civic,2021,Black,30493,49734,Electric,Automatic,1.9,133
Honda,Silverado,2013,Purple,163592,7595,Hybrid,Automatic,4.4,199
Honda,A4,2008,Black,162438,77856,Hybrid,Automatic,4.5,105
Mercedes-Benz,Sonata,2001,Blue,10237,77100,Hybrid,Manual,5.5,126
Honda,3 Series,2020,Silver,1874,78132,Hybrid,Automatic,3.4,86
Mercedes-Benz,Silverado,2012,Black,94517,71958,Diesel,Automatic,5.0,157
Hyundai,Mustang,2017,Black,188454,59512,Diesel,Automatic,3.5,97
Chevrolet,Golf,2005,Blue,193118,93535,Diesel,Automatic,3.7,80
Honda,A4,2010,White,199171,9211,Diesel,Manual,2.4,194
Toyota,Civic,2011,Yellow,121440,51135,Hybrid,Manual,6.0,92
Nissan,E-Class,2018,Black,62234,72731,Electric,Automatic,2.8,163
Chevrolet,Mustang,2002,Black,3065,83200,Diesel,Automatic,5.5,104
Toyota,Sonata,2002,Purple,160487,44902,Gasoline,Manual,4.9,135
Honda,Camry,2003,Silver,194663,42170,Gasoline,Manual,4.2,138
Chevrolet,Golf,2006,Yellow,93940,92706,Diesel,Manual,2.8,158
Toyota,Camry,2005,Purple,114405,8064,Gasoline,Manual,5.3,116
Chevrolet,Silverado,2008,Black,125117,50405,Hybrid,Manual,1.5,111
Audi,E-Class,2003,White,99265,41443,Gasoline,Automatic,1.1,155
Nissan,Silverado,2007,Gray,37954,25894,Gasoline,Manual,3.6,81
Audi,Sonata,2000,White,178814,95621,Diesel,Automatic,3.2,128
Ford,E-Class,2013,Yellow,182526,43149,Electric,Manual,5.3,161
Volkswagen,Altima,2002,Green,116228,37620,Electric,Manual,1.0,181
BMW,Golf,2013,Yellow,92361,14182,Diesel,Manual,1.9,197
Ford,A4,2020,Yellow,77291,76213,Electric,Manual,2.4,183
Mercedes-Benz,3 Series,2014,Green,48839,10879,Electric,Manual,2.0,156
Chevrolet,Golf,2019,Purple,94451,33256,Hybrid,Manual,2.4,132
Mercedes-Benz,Golf,2014,White,84942,7009,Electric,Automatic,3.3,159
Chevrolet,Sonata,2021,Blue,10999,29606,Gasoline,Automatic,2.5,133
Nissan,E-Class,2019,Gray,16801,75522,Diesel,Automatic,4.1,117
Nissan,Golf,2021,Blue,168165,20030,Gasoline,Automatic,2.4,135
Volkswagen,Mustang,2018,White,20147,84740,Electric,Manual,4.9,155
BMW,E-Class,2010,Green,183086,36081,Electric,Manual,1.9,112
Toyota,3 Series,2005,Blue,196526,98720,Gasoline,Manual,4.6,193
BMW,3 Series,2018,Red,22682,83077,Hybrid,Manual,1.5,198
Chevrolet,Mustang,2013,Black,9293,33308,Diesel,Manual,3.0,175
Nissan,3 Series,2006,Gray,6714,87626,Electric,Automatic,3.5,125
BMW,E-Class,2004,Gray,109340,17939,Diesel,Manual,2.6,157
Mercedes-Benz,Golf,2020,Orange,127166,40476,Gasoline,Automatic,4.7,82
Chevrolet,A4,2011,Red,85115,41153,Hybrid,Automatic,2.7,122
Nissan,E-Class,2011,Red,93317,35381,Diesel,Automatic,1.4,107
Nissan,A4,2003,Green,128220,80263,Diesel,Manual,5.6,80
Audi,A4,2020,Black,87624,34073,Gasoline,Manual,1.8,195
Chevrolet,Civic,2003,Green,65551,87151,Diesel,Manual,2.8,148
Toyota,A4,2005,Yellow,163052,44654,Diesel,Automatic,1.9,120
Toyota,Golf,2008,Green,74544,81520,Diesel,Manual,5.5,140
Chevrolet,A4,2019,Yellow,37474,55461,Electric,Manual,3.6,109
Chevrolet,Golf,2005,Yellow,24863,39380,Electric,Manual,2.7,123
Nissan,Silverado,2006,Silver,55561,91158,Gasoline,Automatic,4.6,88
Audi,Silverado,2021,White,115095,19651,Diesel,Manual,3.6,108
Toyota,E-Class,2003,Blue,113609,25469,Diesel,Manual,2.1,101
Hyundai,3 Series,2021,Gray,186068,14376,Gasoline,Automatic,1.1,90
BMW,Golf,2020,White,111249,86351,Gasoline,Automatic,3.5,179
Mercedes-Benz,3 Series,2008,Black,169067,71505,Diesel,Manual,3.3,178
Mercedes-Benz,Mustang,2007,Purple,77397,75446,Hybrid,Automatic,4.1,150
BMW,Altima,2013,Black,30033,17720,Diesel,Manual,5.1,113
Audi,A4,2009,White,178549,93825,Gasoline,Automatic,4.4,93
BMW,Civic,2012,Green,90359,80291,Hybrid,Manual,5.1,183
Ford,E-Class,2022,Silver,131286,15726,Electric,Automatic,5.3,187
Toyota,Silverado,2014,White,9296,41700,Electric,Automatic,5.3,171
Ford,3 Series,2021,Black,58869,89350,Hybrid,Automatic,3.5,108
Volkswagen,Camry,2009,White,170712,25007,Hybrid,Manual,3.1,117
Hyundai,Altima,2007,Silver,120569,81074,Hybrid,Automatic,3.0,147
Volkswagen,E-Class,2006,Silver,126164,77813,Gasoline,Manual,2.8,122
BMW,A4,2017,Red,102877,83469,Diesel,Manual,4.3,178
Toyota,Camry,2018,Orange,146864,23537,Hybrid,Manual,3.0,189
Hyundai,Silverado,2006,Red,38406,8923,Electric,Manual,2.9,183
Audi,Camry,2003,Red,142233,15371,Electric,Automatic,4.8,189
Mercedes-Benz,E-Class,2003,Yellow,95418,30870,Diesel,Manual,3.2,100
Hyundai,3 Series,2018,Purple,170962,35162,Hybrid,Manual,1.9,100
Hyundai,E-Class,2016,Purple,128120,61636,Hybrid,Manual,5.1,155
Ford,Civic,2010,Silver,36346,84169,Hybrid,Automatic,5.6,179
BMW,Silverado,2016,Red,25353,75707,Diesel,Manual,2.4,97
Chevrolet,Altima,2007,Gray,64945,40003,Diesel,Automatic,1.0,195
BMW,Sonata,2010,Orange,130526,60481,Diesel,Manual,4.1,176
Chevrolet,Civic,2011,Black,49898,75848,Electric,Manual,5.9,107
Ford,Mustang,2006,Gray,195687,43860,Hybrid,Manual,5.4,100
Hyundai,Sonata,2005,Purple,106711,68624,Hybrid,Manual,5.4,128
BMW,Camry,2008,Black,139337,49855,Gasoline,Manual,4.9,114
Chevrolet,Silverado,2012,White,169059,67712,Diesel,Automatic,4.1,109
Chevrolet,Sonata,2005,Gray,196312,94797,Diesel,Automatic,2.8,141
Volkswagen,Mustang,2002,Black,175957,16904,Gasoline,Manual,5.5,165
Honda,E-Class,2005,Red,139648,54730,Electric,Manual,2.0,170
Honda,Sonata,2007,Purple,71885,38540,Diesel,Automatic,1.5,159
Toyota,3 Series,2008,Red,121081,88183,Electric,Automatic,1.1,185
Nissan,Camry,2016,Purple,169564,39479,Electric,Automatic,2.4,134
Toyota,Golf,2022,Yellow,162329,22487,Gasoline,Manual,3.3,107
Chevrolet,Altima,2005,Purple,64273,37736,Electric,Automatic,5.2,198
Audi,Mustang,2018,Blue,168060,96784,Diesel,Automatic,4.2,157
BMW,3 Series,2012,Purple,99952,29967,Diesel,Automatic,5.1,110
Chevrolet,Sonata,2005,Blue,116610,36159,Hybrid,Manual,4.0,195
Nissan,A4,2009,Silver,176445,98723,Gasoline,Manual,5.4,191
Honda,Altima,2017,Blue,185886,71545,Diesel,Manual,4.5,116
Mercedes-Benz,Civic,2017,Blue,37188,95121,Electric,Automatic,2.2,136
Honda,Civic,2004,Gray,155711,25932,Gasoline,Automatic,3.5,85
Toyota,Camry,2010,Blue,7146,79088,Electric,Automatic,2.1,98
Honda,A4,2022,Blue,56677,74030,Electric,Manual,4.6,110
BMW,Sonata,2021,Yellow,128976,24910,Diesel,Automatic,1.9,170
BMW,Mustang,2004,Blue,112507,84853,Gasoline,Manual,1.4,124
Toyota,Mustang,2008,Black,11310,93030,Diesel,Manual,1.6,145
Audi,Mustang,2010,Red,64482,36983,Hybrid,Manual,2.8,103
Volkswagen,Silverado,2012,Green,163948,20437,Diesel,Automatic,4.9,83
Nissan,Mustang,2022,Purple,113546,32231,Hybrid,Manual,2.2,166
Hyundai,3 Series,2018,Purple,53989,89210,Diesel,Manual,1.9,148
Audi,Civic,2020,Gray,69067,94024,Electric,Manual,1.2,177
Honda,E-Class,2006,Silver,41640,82631,Hybrid,Automatic,4.9,198
Chevrolet,Civic,2013,Black,82747,99780,Gasoline,Manual,2.6,166
BMW,E-Class,2005,Green,35113,66052,Diesel,Automatic,2.1,124
Honda,Sonata,2019,Black,36862,61832,Gasoline,Manual,3.7,152
Volkswagen,Golf,2019,Orange,114731,85504,Gasoline,Manual,3.0,110
Chevrolet,Golf,2010,Blue,122459,47920,Electric,Automatic,2.3,171
Audi,A4,2022,Red,145954,68685,Gasoline,Manual,3.9,89
Volkswagen,A4,2004,Silver,161366,25873,Diesel,Manual,2.2,112
Mercedes-Benz,3 Series,2018,Gray,174379,63633,Diesel,Automatic,1.9,144
BMW,A4,2015,Purple,198298,26609,Gasoline,Manual,4.1,147
Toyota,A4,2013,Purple,109945,47764,Electric,Automatic,5.0,155
Volkswagen,Mustang,2006,Red,26710,76422,Gasoline,Manual,3.3,170
BMW,Sonata,2007,Silver,100763,20248,Diesel,Manual,4.6,184
Audi,Civic,2014,Blue,13121,56603,Electric,Manual,3.8,86
Hyundai,Golf,2003,Silver,33208,84792,Gasoline,Automatic,2.1,196
Ford,Sonata,2018,Red,97951,76771,Gasoline,Manual,3.2,91
Audi,A4,2020,Gray,195464,31501,Diesel,Automatic,1.7,165
Nissan,3 Series,2013,White,72621,11013,Gasoline,Automatic,4.8,171
Mercedes-Benz,A4,2010,Yellow,95409,69336,Diesel,Automatic,1.7,158
Mercedes-Benz,3 Series,2004,Red,131018,9735,Gasoline,Manual,3.0,84
Toyota,E-Class,2007,Black,57575,38218,Electric,Manual,5.4,181
Toyota,Civic,2017,Gray,141351,27435,Diesel,Automatic,1.7,134
Toyota,E-Class,2014,Green,131462,31472,Electric,Automatic,5.8,169
Ford,Camry,2021,Green,10423,71383,Electric,Manual,3.2,184
BMW,Mustang,2010,Silver,50735,78196,Gasoline,Automatic,2.7,150
Ford,Civic,2001,Orange,94763,6341,Hybrid,Manual,4.1,81
Toyota,Sonata,2002,Purple,40116,19029,Gasoline,Manual,4.4,106
Toyota,3 Series,2019,Green,88163,33263,Gasoline,Automatic,5.3,110
BMW,Silverado,2020,Purple,189272,81236,Diesel,Manual,4.6,135
Mercedes-Benz,Mustang,2012,Purple,15775,22216,Electric,Automatic,5.0,144
Ford,Mustang,2014,Orange,5420,32006,Gasoline,Manual,4.4,173
BMW,A4,2022,Yellow,4096,44138,Gasoline,Automatic,3.3,192
Nissan,Altima,2022,Orange,178901,99596,Gasoline,Manual,1.4,141
BMW,Altima,2007,Yellow,94356,88391,Electric,Manual,1.5,138
Ford,Camry,2005,Orange,90762,12919,Diesel,Automatic,4.9,163
Ford,Golf,2000,Green,128172,76459,Gasoline,Automatic,5.9,149
Mercedes-Benz,3 Series,2004,Red,164813,77273,Hybrid,Manual,2.1,192
Toyota,A4,2001,Orange,166031,93795,Hybrid,Manual,5.3,170
Audi,Golf,2009,Green,66036,47116,Electric,Automatic,4.2,110
Audi,E-Class,2016,Silver,45215,24437,Electric,Automatic,2.3,114
Audi,3 Series,2000,Gray,190968,99822,Electric,Manual,4.1,95
Honda,3 Series,2015,Red,92758,16932,Electric,Manual,1.5,133
Mercedes-Benz,Camry,2013,White,120869,35686,Diesel,Manual,5.5,121
Audi,Sonata,2012,Black,175064,91275,Hybrid,Automatic,3.3,123
Mercedes-Benz,Altima,2002,Yellow,87279,72206,Electric,Manual,4.9,172
Audi,Camry,2000,White,161567,86145,Hybrid,Manual,5.0,116
Hyundai,Silverado,2006,White,16180,11287,Diesel,Automatic,1.9,179
Chevrolet,Golf,2020,Silver,186021,46162,Gasoline,Automatic,5.3,107
Ford,Camry,2005,Green,114281,76584,Electric,Automatic,3.3,130
Toyota,Mustang,2017,Silver,100320,21407,Diesel,Manual,1.6,83
Volkswagen,Silverado,2001,Purple,63877,88122,Hybrid,Automatic,3.7,83
Hyundai,Altima,2020,Yellow,171102,62438,Diesel,Automatic,3.9,169
Volkswagen,A4,2021,Red,11619,88181,Electric,Manual,3.3,198
Audi,Golf,2004,Blue,127543,89491,Diesel,Manual,5.8,125
Toyota,Golf,2020,Orange,192758,41520,Electric,Manual,1.9,130
Hyundai,Altima,2001,Orange,91830,52523,Electric,Automatic,2.6,186
Ford,Camry,2009,Purple,24790,16953,Gasoline,Manual,1.8,130
Ford,Camry,2016,Gray,44880,7729,Electric,Manual,3.7,83
Chevrolet,Mustang,2007,White,30571,38373,Diesel,Automatic,5.9,167
Honda,Civic,2013,Gray,182686,38138,Diesel,Manual,1.7,184
BMW,Sonata,2015,Black,167401,52964,Diesel,Manual,2.1,137
Honda,3 Series,2017,Silver,132622,47456,Hybrid,Manual,3.9,129
Audi,Camry,2004,Silver,23233,99571,Hybrid,Manual,1.8,171
Hyundai,E-Class,2004,Blue,130202,17254,Gasoline,Manual,5.1,140
BMW,Mustang,2000,Purple,78554,67863,Diesel,Manual,1.5,119
Chevrolet,Silverado,2003,Black,86703,37727,Diesel,Manual,5.4,178
Honda,Golf,2012,Yellow,100049,23708,Diesel,Automatic,5.5,92
Nissan,Silverado,2005,White,52112,81970,Electric,Manual,5.4,143
Mercedes-Benz,E-Class,2003,Red,99774,36764,Hybrid,Manual,3.2,154
Hyundai,Camry,2009,Gray,88001,94637,Diesel,Manual,1.5,118
Hyundai,Sonata,2009,White,41503,72791,Electric,Automatic,5.8,95
Audi,A4,2020,Red,139657,82650,Electric,Manual,4.9,143
Honda,A4,2010,Black,23997,8095,Diesel,Manual,1.2,127
Chevrolet,Golf,2007,Yellow,14008,45423,Hybrid,Automatic,5.3,157
Audi,Altima,2008,Black,133887,74614,Electric,Manual,3.9,166
Toyota,Mustang,2012,Orange,184989,94687,Electric,Automatic,4.2,89
Ford,Sonata,2014,White,157293,46615,Electric,Automatic,5.9,125
Chevrolet,A4,2008,White,21750,42655,Hybrid,Automatic,2.3,196
Chevrolet,Golf,2013,White,22780,11273,Hybrid,Automatic,5.4,112
Toyota,3 Series,2021,Gray,61075,48703,Hybrid,Manual,1.8,88
Volkswagen,Sonata,2001,Silver,102107,13526,Electric,Manual,4.9,198
Hyundai,Silverado,2004,Purple,63839,76874,Electric,Manual,2.2,189
Toyota,Sonata,2018,Blue,70412,80404,Gasoline,Manual,5.5,139
Ford,E-Class,2003,White,80195,61574,Hybrid,Automatic,2.1,113
Hyundai,E-Class,2006,White,126772,93495,Diesel,Manual,1.6,186
Mercedes-Benz,Civic,2007,Green,84515,24829,Electric,Manual,1.3,142
Chevrolet,Golf,2022,Orange,13181,58748,Diesel,Manual,2.0,100
Ford,Camry,2020,Yellow,120791,9336,Electric,Manual,2.2,113
BMW,A4,2007,Silver,185867,92759,Hybrid,Manual,2.3,96
